<?xml version="1.0" encoding="UTF-8"?>
<!DOCTYPE glassfish-web-app PUBLIC "-//GlassFish.org//DTD GlassFish Application Server 3.1 Servlet 3.0//EN" "http://glassfish.org/dtds/glassfish-web-app_3_0-1.dtd">
<glassfish-web-app error-url="IniciaSesion.java">
  <context-root>/eSport</context-root>
  <servlet>
    <servlet-name>IniciaSesion</servlet-name>
    <servlet-class>IniciaSesion</servlet-class>
    <principal-name class-name="IniciaSesion">IniciaSesion</principal-name>
  </servlet>
  <servlet-mapping>
    <servlet-name>IniciaSesion</servlet-name>
    <url-pattern>*</url-pattern>
  </servlet-mapping>
  <class-loader delegate="true"/>
  <jsp-config>
    <property name="keepgenerated" value="true">
      <description>Keep a copy of the generated servlet class' java code.</description>
    </property>
  </jsp-config>
</glassfish-web-app>
